"","pbs_code"
"1","09341P"
"2","05291L"
"3","08730L"
"4","08529X"
"5","02340E"
"6","06301P"
"7","02385M"
"8","01973W"
"9","09207N"
"10","06357N"
"11","08140K"
"12","08713N"
"13","01156W"
"14","03170W"
"15","01758M"
"16","09532Q"
"17","05709L"
"18","02216P"
"19","05108W"
"20","02207E"
"21","01163F"
"22","06394M"
"23","02345K"
"24","06600J"
"25","08759B"
"26","08199M"
"27","09332E"
"28","02758E"
"29","09544H"
"30","07240C"
"31","08875D"
"32","02170F"
"33","01889K"
"34","01982H"
"35","06113R"
"36","08723D"
"37","05006L"
"38","02799H"
"39","06126K"
"40","01196Y"
"41","02893G"
"42","02366M"
"43","03117C"
"44","05470X"
"45","02105T"
"46","09467G"
"47","03364C"
"48","08460G"
"49","04357H"
"50","05426N"
"51","02958Q"
"52","01915T"
"53","08909X"
"54","03398W"
"55","02208F"
"56","01011F"
"57","08384G"
"58","10109C"
"59","01370D"
"60","05657R"
"61","08514D"
"62","06599H"
"63","05453B"
"64","05487T"
"65","01443Y"
"66","08656N"
"67","09723R"
"68","09531P"
"69","05198N"
"70","08700X"
"71","08867Q"
"72","02030W"
"73","02792Y"
"74","05072Y"
"75","03321T"
"76","09548M"
"77","02062M"
"78","05447Q"
"79","08497F"
"80","07269N"
"81","09337K"
"82","09335H"
"83","07261E"
"84","02594M"
"85","08752P"
"86","09673D"
"87","05413X"
"88","05555J"
"89","08609D"
"90","09105F"
"91","10151G"
"92","09515T"
"93","02578Q"
"94","05248F"
"95","09488J"
"96","01997D"
"97","07267L"
"98","03098C"
"99","02458J"
"100","01119X"
"101","08215J"
"102","09315G"
"103","09667T"
"104","09480Y"
"105","06460B"
"106","01968N"
"107","05520M"
"108","07458M"
"109","02553J"
"110","10013B"
"111","02019G"
"112","03141H"
"113","01336H"
"114","09106G"
"115","03301R"
"116","03332J"
"117","06876X"
"118","08098F"
"119","00064J"
"120","05832Y"
"121","02918N"
"122","01503D"
"123","02418G"
"124","03414Q"
"125","01159B"
"126","06767E"
"127","09493P"
"128","05404K"
"129","08984W"
"130","06291D"
"131","03048K"
"132","08451T"
"133","08182P"
"134","05857G"
"135","01504E"
"136","09201G"
"137","05362F"
"138","02815E"
"139","05965Y"
"140","08741C"
"141","03445H"
"142","05008N"
"143","09702P"
"144","09568N"
"145","02558P"
"146","08477E"
"147","06228T"
"148","05417D"
"149","05294P"
"150","08589C"
"151","01482B"
"152","08173E"
"153","09338L"
"154","05847R"
"155","09721P"
"156","09674E"
"157","04448D"
"158","02872E"
"159","02355Y"
"160","09500B"
"161","01052J"
"162","06302Q"
"163","05904R"
"164","05161P"
"165","01963H"
"166","01750D"
"167","01173R"
"168","01747Y"
"169","05928B"
"170","06875W"
"171","09438R"
"172","05367L"
"173","02186C"
"174","05373T"
"175","05809R"
"176","08677Q"
"177","09657G"
"178","01581F"
"179","09087G"
"180","01694E"
"181","05551E"
"182","08357W"
"183","07233Q"
"184","08354Q"
"185","08630F"
"186","08667E"
"187","06249X"
"188","06369F"
"189","08530Y"
"190","08636M"
"191","05608E"
"192","07061P"
"193","02629J"
"194","03432P"
"195","01808E"
"196","08401E"
"197","05311M"
"198","09490L"
"199","02295T"
"200","00048M"
"201","01561E"
"202","09212W"
"203","02832C"
"204","09196B"
"205","08703C"
"206","06288Y"
"207","02622B"
"208","05901N"
"209","02628H"
"210","08447N"
"211","05506T"
"212","06422B"
"213","09414L"
"214","06280M"
"215","09120B"
"216","01299J"
"217","02809W"
"218","05400F"
"219","01952R"
"220","08737W"
"221","09615C"
"222","05250H"
"223","08018B"
"224","08057C"
"225","10167D"
"226","05884Q"
"227","09051J"
"228","02193K"
"229","02580T"
"230","09600G"
"231","09194X"
"232","06469L"
"233","05968D"
"234","05324F"
"235","07265J"
"236","05840J"
"237","08381D"
"238","01761Q"
"239","09259H"
"240","02255Q"
"241","10014C"
"242","02080L"
"243","05974K"
"244","08671J"
"245","05783J"
"246","09114Q"
"247","06112Q"
"248","04371C"
"249","08508T"
"250","09050H"
"251","02873F"
"252","05981T"
"253","00066L"
"254","09339M"
"255","01967M"
"256","05397C"
"257","08666D"
"258","09160D"
"259","08564R"
"260","06463E"
"261","08627C"
"262","09345W"
"263","05297T"
"264","08492Y"
"265","02129C"
"266","05176K"
"267","09344T"
"268","09177B"
"269","05275P"
"270","05705G"
"271","08494C"
"272","08195H"
"273","03387G"
"274","09090K"
"275","09130M"
"276","08964T"
"277","10115J"
"278","06229W"
"279","08332M"
"280","02311P"
"281","05081K"
"282","01444B"
"283","08093Y"
"284","08575H"
"285","05330M"
"286","06359Q"
"287","08999P"
"288","05091Y"
"289","09022W"
"290","02132F"
"291","01417N"
"292","04542C"
"293","07275X"
"294","08804J"
"295","09257F"
"296","05800G"
"297","08428N"
"298","02279Y"
"299","09635D"
"300","06111P"
"301","02310N"
"302","09446E"
"303","03113W"
"304","05492C"
"305","02951H"
"306","08175G"
"307","05963W"
"308","09199E"
"309","06285T"
"310","08167W"
"311","05923R"
"312","05875F"
"313","01437P"
"314","06908N"
"315","05360D"
"316","05643B"
"317","08271H"
"318","05303D"
"319","09709B"
"320","09410G"
"321","03371K"
"322","09038Q"
"323","08683B"
"324","10112F"
"325","05988E"
"326","08932D"
"327","05401G"
"328","08559L"
"329","01340M"
"330","09282M"
"331","08187X"
"332","08843K"
"333","06489M"
"334","02775C"
"335","08158J"
"336","02109B"
"337","08937J"
"338","08776X"
"339","01903E"
"340","02449X"
"341","03343Y"
"342","09473N"
"343","09375K"
"344","05544T"
"345","09733G"
"346","01013H"
"347","09428F"
"348","02179Q"
"349","08669G"
"350","09301M"
"351","08635L"
"352","05749N"
"353","09174W"
"354","08129W"
"355","02883R"
"356","05597N"
"357","01147J"
"358","01114P"
"359","01376K"
"360","08707G"
"361","01835N"
"362","03441D"
"363","02725K"
"364","02377D"
"365","06490N"
"366","09116T"
"367","03051N"
"368","08170B"
"369","01776L"
"370","03093T"
"371","08930B"
"372","05537K"
"373","02826R"
"374","09370E"
"375","01088G"
"376","02545Y"
"377","01594X"
"378","05261X"
"379","06862E"
"380","06838X"
"381","03408J"
"382","05893E"
"383","05648G"
"384","07568H"
"385","09080X"
"386","09725W"
"387","02891E"
"388","08226Y"
"389","08848Q"
"390","05511C"
"391","03393N"
"392","05917K"
"393","05772T"
"394","05933G"
"395","05032W"
"396","02605D"
"397","09398P"
"398","05464N"
"399","02779G"
"400","08503M"
"401","05642Y"
"402","02410W"
"403","01251W"
"404","08080G"
"405","08164Q"
"406","10094G"
"407","05076E"
"408","08877F"
"409","05593J"
"410","08002E"
"411","08809P"
"412","08842J"
"413","01779P"
"414","08978M"
"415","02549E"
"416","08099G"
"417","08517G"
"418","04567J"
"419","03382B"
"420","02275R"
"421","06305W"
"422","02602Y"
"423","01377L"
"424","08255L"
"425","02290M"
"426","05387M"
"427","00029M"
"428","08896F"
"429","05286F"
"430","10174L"
"431","02171G"
"432","02456G"
"433","09149M"
"434","06884H"
"435","01312C"
"436","05195K"
"437","09261K"
"438","08302Y"
"439","02673Q"
"440","01983J"
"441","05707J"
"442","08870W"
"443","08874C"
"444","02066R"
"445","08148W"
"446","01044Y"
"447","05837F"
"448","02640Y"
"449","09431J"
"450","03322W"
"451","06527M"
"452","05105Q"
"453","06152T"
"454","06857X"
"455","02411X"
"456","08527T"
"457","05429R"
"458","02162T"
"459","09234B"
"460","08281W"
"461","02838J"
"462","05899L"
"463","01017M"
"464","06257H"
"465","08031Q"
"466","05320B"
"467","02452C"
"468","08639Q"
"469","08898H"
"470","09073M"
"471","08524P"
"472","01308W"
"473","08346G"
"474","09621J"
"475","01541D"
"476","05991H"
"477","06134W"
"478","05730N"
"479","05870Y"
"480","09670Y"
"481","01245M"
"482","08617M"
"483","08810Q"
"484","05080J"
"485","07238Y"
"486","05829T"
"487","06568Q"
"488","02521Q"
"489","08318T"
"490","01945J"
"491","03190X"
"492","06206P"
"493","03422D"
"494","01353F"
"495","08483L"
"496","08808N"
"497","07914M"
"498","02016D"
"499","05855E"
"500","02980W"
"501","03326C"
"502","05214K"
"503","09479X"
"504","02682E"
"505","02852D"
"506","08691K"
"507","03361X"
"508","05725H"
"509","01130L"
"510","08651H"
"511","02479L"
"512","08890X"
"513","08350L"
"514","01829G"
"515","03430M"
"516","02253N"
"517","02738D"
"518","09208P"
"519","02637T"
"520","09136W"
"521","05641X"
"522","01440T"
"523","09376L"
"524","05322D"
"525","01654C"
"526","03334L"
"527","03118D"
"528","08339X"
"529","01345T"
"530","01214X"
"531","09576B"
"532","06445F"
"533","05547Y"
"534","08988C"
"535","08888T"
"536","08766J"
"537","01180D"
"538","02685H"
"539","09591T"
"540","09137X"
"541","05504Q"
"542","08228C"
"543","03017T"
"544","09107H"
"545","01832K"
"546","09011G"
"547","06770H"
"548","05082L"
"549","01772G"
"550","05833B"
"551","05111B"
"552","04614W"
"553","04435K"
"554","04639E"
"555","01978D"
"556","02147B"
"557","08490W"
"558","05516H"
"559","01183G"
"560","02546B"
"561","08762E"
"562","09732F"
"563","08341B"
"564","08954G"
"565","02266G"
"566","05524R"
"567","06457W"
"568","01914R"
"569","06426F"
"570","05271K"
"571","05877H"
"572","05055C"
"573","04400N"
"574","08864M"
"575","07484X"
"576","02160Q"
"577","05262Y"
"578","05467R"
"579","07642F"
"580","01471K"
"581","06287X"
"582","03172Y"
"583","05380E"
"584","05962T"
"585","02390T"
"586","09648T"
"587","09242K"
"588","05980R"
"589","06421Y"
"590","09156X"
"591","02059J"
"592","08150Y"
"593","03402C"
"594","09671B"
"595","02329N"
"596","05431W"
"597","05279W"
"598","08557J"
"599","05966B"
"600","02110C"
"601","02264E"
"602","09309Y"
"603","02732T"
"604","08551C"
"605","01759N"
"606","06326Y"
"607","03366E"
"608","05468T"
"609","01607N"
"610","08482K"
"611","08190C"
"612","06500D"
"613","02842N"
"614","02375B"
"615","08563Q"
"616","05879K"
"617","09653C"
"618","05287G"
"619","01895R"
"620","09441X"
"621","08101J"
"622","09451K"
"623","08987B"
"624","09231W"
"625","02312Q"
"626","02514H"
"627","09730D"
"628","05612J"
"629","02735Y"
"630","06477X"
"631","09252Y"
"632","02457H"
"633","08224W"
"634","05282B"
"635","01140B"
"636","06486J"
"637","02270L"
"638","01946K"
"639","00052R"
"640","08556H"
"641","01124E"
"642","03348F"
"643","06148N"
"644","08782F"
"645","05536J"
"646","08505P"
"647","05640W"
"648","09650X"
"649","09512P"
"650","09175X"
"651","09233Y"
"652","01204J"
"653","08299T"
"654","05926X"
"655","08008L"
"656","08722C"
"657","07530H"
"658","06303R"
"659","08585W"
"660","05441J"
"661","05791T"
"662","02565B"
"663","08488R"
"664","06602L"
"665","05445N"
"666","08720Y"
"667","08811R"
"668","09021T"
"669","09153R"
"670","08388L"
"671","06485H"
"672","02424N"
"673","08499H"
"674","02579R"
"675","02277W"
"676","01822X"
"677","01655D"
"678","05121M"
"679","09307W"
"680","10065R"
"681","09603K"
"682","03320R"
"683","05107T"
"684","09629T"
"685","02421K"
"686","01160C"
"687","06509N"
"688","08997M"
"689","08659R"
"690","01644M"
"691","08886Q"
"692","08731M"
"693","01590Q"
"694","05342E"
"695","08487Q"
"696","09228Q"
"697","08096D"
"698","05896H"
"699","05979Q"
"700","02591J"
"701","08386J"
"702","00065K"
"703","09319L"
"704","08970D"
"705","08254K"
"706","02751T"
"707","05328K"
"708","09484E"
"709","05719B"
"710","09350D"
"711","08162N"
"712","08945T"
"713","10136L"
"714","10018G"
"715","02474F"
"716","03446J"
"717","05155H"
"718","02723H"
"719","06210W"
"720","06323T"
"721","01972T"
"722","09249T"
"723","09570Q"
"724","05737Y"
"725","06484G"
"726","09417P"
"727","01109J"
"728","06462D"
"729","08407L"
"730","05179N"
"731","08702B"
"732","01753G"
"733","02833D"
"734","08502L"
"735","08519J"
"736","08211E"
"737","05128X"
"738","08908W"
"739","02103Q"
"740","05839H"
"741","08607B"
"742","09746Y"
"743","08823J"
"744","05828R"
"745","02214M"
"746","05598P"
"747","05780F"
"748","04326Q"
"749","08121K"
"750","08136F"
"751","08459F"
"752","02043M"
"753","03345C"
"754","09703Q"
"755","02715X"
"756","05314Q"
"757","08634K"
"758","08188Y"
"759","01325R"
"760","05881M"
"761","06446G"
"762","09015L"
"763","01199D"
"764","02808T"
"765","02287J"
"766","08779C"
"767","01621H"
"768","02256R"
"769","05704F"
"770","10131F"
"771","08701Y"
"772","01524F"
"773","02047R"
"774","09476R"
"775","03114X"
"776","02967E"
"777","06212Y"
"778","05168B"
"779","10100N"
"780","01671Y"
"781","01458R"
"782","02237R"
"783","01079T"
"784","08732N"
"785","01896T"
"786","09510M"
"787","02413B"
"788","02928D"
"789","09061X"
"790","03386F"
"791","02487X"
"792","07258B"
"793","05237P"
"794","02089Y"
"795","05054B"
"796","01438Q"
"797","01149L"
"798","05785L"
"799","02363J"
"800","02501P"
"801","08794W"
"802","08862K"
"803","06613C"
"804","01381Q"
"805","04732C"
"806","01798P"
"807","10113G"
"808","01760P"
"809","02759F"
"810","06321Q"
"811","01746X"
"812","05934H"
"813","08693M"
"814","08629E"
"815","02229H"
"816","10096J"
"817","08258P"
"818","03145M"
"819","05946Y"
"820","01911N"
"821","08595J"
"822","02485T"
"823","09487H"
"824","08781E"
"825","01515R"
"826","05956L"
"827","06448J"
"828","05850X"
"829","07085X"
"830","09562G"
"831","09569P"
"832","01755J"
"833","03336N"
"834","08053W"
"835","01775K"
"836","08787L"
"837","05814B"
"838","05343F"
"839","07308P"
"840","05266E"
"841","05392T"
"842","07237X"
"843","08959M"
"844","02845R"
"845","08950C"
"846","06728D"
"847","08000C"
"848","01411G"
"849","08807M"
"850","02412Y"
"851","09705T"
"852","02508B"
"853","01743R"
"854","02745L"
"855","01425B"
"856","02993M"
"857","05136H"
"858","02475G"
"859","05192G"
"860","01724R"
"861","05201R"
"862","01521C"
"863","08233H"
"864","08760C"
"865","02344J"
"866","09643M"
"867","05514F"
"868","09113P"
"869","08197K"
"870","09018P"
"871","01266P"
"872","09024Y"
"873","02384L"
"874","05088T"
"875","05542Q"
"876","08335Q"
"877","02250K"
"878","05402H"
"879","02268J"
"880","01047D"
"881","02090B"
"882","09254C"
"883","08363E"
"884","05838G"
"885","05012T"
"886","01909L"
"887","05235M"
"888","01332D"
"889","08969C"
"890","05937L"
"891","01335G"
"892","05450W"
"893","05478H"
"894","02022K"
"895","02655R"
"896","09110L"
"897","08852X"
"898","01104D"
"899","01597C"
"900","08689H"
"901","02502Q"
"902","09377M"
"903","01291Y"
"904","08712M"
"905","08655M"
"906","05621W"
"907","01926J"
"908","07314Y"
"909","05486R"
"910","09457R"
"911","01394J"
"912","08338W"
"913","08028M"
"914","08435Y"
"915","03196F"
"916","08608C"
"917","02369Q"
"918","05264C"
"919","08424J"
"920","06205N"
"921","08592F"
"922","09176Y"
"923","09579E"
"924","05412W"
"925","10198R"
"926","06269Y"
"927","01813K"
"928","09352F"
"929","08980P"
"930","05891C"
"931","08219N"
"932","02707L"
"933","09663N"
"934","05563T"
"935","08009M"
"936","09401T"
"937","08383F"
"938","06713H"
"939","08102K"
"940","08680W"
"941","02848X"
"942","08186W"
"943","01944H"
"944","03444G"
"945","09205L"
"946","01718K"
"947","09007C"
"948","09146J"
"949","05746K"
"950","09660K"
"951","08212F"
"952","05752R"
"953","10194M"
"954","08996L"
"955","03107M"
"956","08535F"
"957","08876E"
"958","07285K"
"959","10114H"
"960","08885P"
"961","05313P"
"962","05757B"
"963","03169T"
"964","09028E"
"965","05596M"
"966","01007B"
"967","01037N"
"968","06408G"
"969","06395N"
"970","01423X"
"971","01572R"
"972","02840L"
"973","02509C"
"974","09131N"
"975","01812J"
"976","08431R"
"977","09400R"
"978","01489J"
"979","08174F"
"980","02234N"
"981","08868R"
"982","08139J"
"983","01664N"
"984","06917C"
"985","05457F"
"986","05153F"
"987","01904F"
"988","00019B"
"989","09088H"
"990","05053Y"
"991","06710E"
"992","02280B"
"993","08027L"
"994","09450J"
"995","03112T"
"996","08860H"
"997","04393F"
"998","07259C"
"999","05304E"
"1000","02353W"
"1001","08410P"
"1002","01369C"
"1003","06159E"
"1004","09104E"
"1005","01883D"
"1006","08571D"
"1007","08790P"
"1008","02963Y"
"1009","08769M"
"1010","09679K"
"1011","09221H"
"1012","08965W"
"1013","02436F"
"1014","09527K"
"1015","08024H"
"1016","09447F"
"1017","09734H"
"1018","09085E"
"1019","08216K"
"1020","09575Y"
"1021","02944Y"
"1022","09587N"
"1023","06387E"
"1024","02638W"
"1025","01834M"
"1026","05178M"
"1027","05190E"
"1028","01211R"
"1029","07083T"
"1030","10196P"
"1031","08263X"
"1032","05827Q"
"1033","02711Q"
"1034","02000G"
"1035","08780D"
"1036","02768Q"
"1037","09362R"
"1038","08593G"
"1039","05613K"
"1040","09263M"
"1041","05438F"
"1042","02626F"
"1043","01841X"
"1044","05154G"
"1045","01778N"
"1046","07228K"
"1047","03425G"
"1048","08252H"
"1049","01278G"
"1050","07253R"
"1051","05792W"
"1052","00045J"
"1053","07262F"
"1054","01419Q"
"1055","09296G"
"1056","02206D"
"1057","01254B"
"1058","01744T"
"1059","03365D"
"1060","02985D"
"1061","08231F"
"1062","02672P"
"1063","02933J"
"1064","08041F"
"1065","01068F"
"1066","02131E"
"1067","06709D"
"1068","10132G"
"1069","08744F"
"1070","09148L"
"1071","08131Y"
"1072","09748C"
"1073","01148K"
"1074","05079H"
"1075","09694F"
"1076","10048W"
"1077","03401B"
"1078","02017E"
"1079","02463P"
"1080","03171X"
"1081","06705X"
"1082","08243W"
"1083","06439X"
"1084","08405J"
"1085","02755B"
"1086","06100C"
"1087","09270X"
"1088","10022L"
"1089","01324Q"
"1090","05654N"
"1091","08082J"
"1092","05339B"
"1093","00039C"
"1094","05408P"
"1095","08288F"
"1096","08248D"
"1097","02523T"
"1098","02836G"
"1099","09206M"
"1100","01207M"
"1101","09195Y"
"1102","08952E"
"1103","02227F"
"1104","08837D"
"1105","05042J"
"1106","08897G"
"1107","09025B"
"1108","09413K"
"1109","10012Y"
"1110","08660T"
"1111","08648E"
"1112","08936H"
"1113","01215Y"
"1114","07257Y"
"1115","02824P"
"1116","01479W"
"1117","01001Q"
"1118","09737L"
"1119","03162K"
"1120","02555L"
"1121","02560R"
"1122","01349B"
"1123","08891Y"
"1124","03124K"
"1125","01628Q"
"1126","03128P"
"1127","06459Y"
"1128","08661W"
"1129","01197B"
"1130","02124T"
"1131","05241W"
"1132","07227J"
"1133","09023X"
"1134","05712P"
"1135","09132P"
"1136","02724J"
"1137","09268T"
"1138","01814L"
"1139","01953T"
"1140","05862M"
"1141","08905Q"
"1142","07268M"
"1143","08310J"
"1144","06427G"
"1145","06221K"
"1146","09561F"
"1147","07284J"
"1148","09433L"
"1149","09619G"
"1150","06561H"
"1151","09594Y"
"1152","01713E"
"1153","06193Y"
"1154","05711N"
"1155","08372P"
"1156","06881E"
"1157","04433H"
"1158","03300Q"
"1159","08668F"
"1160","01579D"
"1161","06858Y"
"1162","08416Y"
"1163","05589E"
"1164","09491M"
"1165","01076P"
"1166","07222D"
"1167","01253Y"
"1168","08645B"
"1169","08423H"
"1170","05112C"
"1171","09224L"
"1172","02217Q"
"1173","05175J"
"1174","09324R"
"1175","09290Y"
"1176","05039F"
"1177","01371E"
"1178","09614B"
"1179","06362W"
"1180","03439B"
"1181","09145H"
"1182","02924X"
"1183","08246B"
"1184","08208B"
"1185","08801F"
"1186","02324H"
"1187","01510L"
"1188","09253B"
"1189","08826M"
"1190","10117L"
"1191","02528C"
"1192","09275E"
"1193","08584T"
"1194","08500J"
"1195","02819J"
"1196","05931E"
"1197","09502D"
"1198","02441L"
"1199","05472B"
"1200","01818Q"
"1201","09695G"
"1202","10160R"
"1203","03341W"
"1204","05938M"
"1205","01913Q"
"1206","01234Y"
"1207","08360B"
"1208","08074Y"
"1209","01509K"
"1210","08543P"
"1211","08297Q"
"1212","05316T"
"1213","08516F"
"1214","09077R"
"1215","10163X"
"1216","02335X"
"1217","06491P"
"1218","08155F"
"1219","00049N"
"1220","02687K"
"1221","08865N"
"1222","05391R"
"1223","01041T"
"1224","02241Y"
"1225","08956J"
"1226","08119H"
"1227","08285C"
"1228","01502C"
"1229","06878B"
"1230","05868W"
"1231","02604C"
"1232","08992G"
"1233","02595N"
"1234","08581P"
"1235","09030G"
"1236","05289J"
"1237","08539K"
"1238","01606M"
"1239","08687F"
"1240","08356T"
"1241","08881K"
"1242","09440W"
"1243","06371H"
"1244","01166J"
"1245","08334P"
"1246","08798C"
"1247","05309K"
"1248","02846T"
"1249","08902M"
"1250","06732H"
"1251","08166T"
"1252","01201F"
"1253","02354X"
"1254","08291J"
"1255","01975Y"
"1256","02276T"
"1257","09402W"
"1258","01401R"
"1259","06429J"
"1260","08287E"
"1261","09154T"
"1262","09395L"
"1263","01344R"
"1264","05374W"
"1265","09387C"
"1266","03314K"
"1267","06420X"
"1268","05415B"
"1269","09661L"
"1270","01106F"
"1271","08812T"
"1272","09700M"
"1273","05329L"
"1274","01965K"
"1275","06442C"
"1276","09486G"
"1277","02211J"
"1278","05292M"
"1279","02670M"
"1280","09280K"
"1281","08192E"
"1282","08200N"
"1283","02088X"
"1284","09057Q"
"1285","01839T"
"1286","01143E"
"1287","06482E"
"1288","09607P"
"1289","08534E"
"1290","02896K"
"1291","08179L"
"1292","01542E"
"1293","08194G"
"1294","01486F"
"1295","09356K"
"1296","05708K"
"1297","02982Y"
"1298","08613H"
"1299","09151P"
"1300","08688G"
"1301","09033K"
"1302","09622K"
"1303","02526Y"
"1304","06234D"
"1305","01642K"
"1306","06354K"
"1307","02373X"
"1308","01940D"
"1309","09126H"
"1310","06232B"
"1311","02737C"
"1312","05004J"
"1313","05941Q"
"1314","09230T"
"1315","05009P"
"1316","08772Q"
"1317","05503P"
"1318","09466F"
"1319","02551G"
"1320","09662M"
"1321","03391L"
"1322","02218R"
"1323","05519L"
"1324","05644C"
"1325","01783W"
"1326","05634M"
"1327","05795B"
"1328","05035B"
"1329","07245H"
"1330","10035E"
"1331","05443L"
"1332","08726G"
"1333","03396R"
"1334","02065Q"
"1335","08670H"
"1336","05543R"
"1337","05480K"
"1338","05967C"
"1339","08118G"
"1340","01396L"
"1341","05364H"
"1342","03404E"
"1343","09408E"
"1344","05495F"
"1345","02356B"
"1346","01089H"
"1347","02315W"
"1348","05569D"
"1349","07926E"
"1350","08871X"
"1351","09273C"
"1352","09001R"
"1353","09523F"
"1354","05433Y"
"1355","05186Y"
"1356","09217D"
"1357","10142T"
"1358","05410R"
"1359","02938P"
"1360","03423E"
"1361","05573H"
"1362","08203R"
"1363","08553E"
"1364","05736X"
"1365","05872C"
"1366","10104T"
"1367","01695F"
"1368","02778F"
"1369","01794K"
"1370","08476D"
"1371","02954L"
"1372","00042F"
"1373","08947X"
"1374","08406K"
"1375","02339D"
"1376","01807D"
"1377","05325G"
"1378","09391G"
"1379","08259Q"
"1380","08633J"
"1381","05878J"
"1382","07266K"
"1383","08976K"
"1384","08448P"
"1385","01239F"
"1386","09326W"
"1387","05565X"
"1388","08218M"
"1389","08552D"
"1390","05556K"
"1391","09182G"
"1392","08995K"
"1393","08521L"
"1394","02269K"
"1395","01169M"
"1396","08935G"
"1397","02437G"
"1398","08081H"
"1399","05307H"
"1400","10093F"
"1401","06405D"
"1402","08132B"
"1403","05915H"
"1404","05332P"
"1405","09218E"
"1406","05645D"
"1407","07271Q"
"1408","08361C"
"1409","06461C"
"1410","05529B"
"1411","02192J"
"1412","10067W"
"1413","09713F"
"1414","08803H"
"1415","08124N"
"1416","02285G"
"1417","08268E"
"1418","02159P"
"1419","08853Y"
"1420","06572X"
"1421","01777M"
"1422","02343H"
"1423","05898K"
"1424","09180E"
"1425","05630H"
"1426","01465D"
"1427","01780Q"
"1428","02476H"
"1429","08180M"
"1430","05886T"
"1431","10019H"
"1432","01629R"
"1433","01900B"
"1434","01070H"
"1435","09010F"
"1436","02597Q"
"1437","10063P"
"1438","02895J"
"1439","01257E"
"1440","05844N"
"1441","02811Y"
"1442","08198L"
"1443","08948Y"
"1444","05270J"
"1445","08458E"
"1446","05308J"
"1447","08168X"
"1448","08369L"
"1449","06879C"
"1450","01123D"
"1451","01342P"
"1452","05882N"
"1453","06449K"
"1454","10158P"
"1455","06353J"
"1456","02588F"
"1457","06863F"
"1458","02926B"
"1459","08672K"
"1460","02942W"
"1461","08413T"
"1462","01085D"
"1463","01233X"
"1464","10051B"
"1465","08580N"
"1466","09109K"
"1467","09724T"
"1468","08280T"
"1469","01110K"
"1470","09506H"
"1471","02202X"
"1472","06456T"
"1473","09314F"
"1474","09141D"
"1475","04402Q"
"1476","08329J"
"1477","10128C"
"1478","09455P"
"1479","01161D"
"1480","02163W"
"1481","05929C"
"1482","09321N"
"1483","10110D"
"1484","09407D"
"1485","06136Y"
"1486","05334R"
"1487","05389P"
"1488","05637Q"
"1489","06438W"
"1490","05629G"
"1491","09498X"
"1492","09613Y"
"1493","09304Q"
"1494","07250N"
"1495","09406C"
"1496","02576N"
"1497","03179H"
"1498","08403G"
"1499","03152X"
"1500","09124F"
"1501","08773R"
"1502","01645N"
"1503","08960N"
"1504","10176N"
"1505","08283Y"
"1506","02360F"
"1507","01320L"
"1508","08003F"
"1509","05202T"
"1510","07558T"
"1511","02839K"
"1512","01003T"
"1513","05034Y"
"1514","09082B"
"1515","02425P"
"1516","03310F"
"1517","03135B"
"1518","02983B"
"1519","08351M"
"1520","05435C"
"1521","05994L"
"1522","01229Q"
"1523","02644E"
"1524","06726B"
"1525","05823L"
"1526","09744W"
"1527","02647H"
"1528","05295Q"
"1529","06458X"
"1530","00034T"
"1531","08400D"
"1532","08746H"
"1533","02495H"
"1534","05370P"
"1535","05272L"
"1536","10004M"
"1537","09054M"
"1538","05473C"
"1539","02624D"
"1540","08366H"
"1541","06447H"
"1542","05944W"
"1543","08013R"
"1544","06428H"
"1545","10000H"
"1546","09612X"
"1547","02995P"
"1548","07243F"
"1549","05315R"
"1550","07067Y"
"1551","01809F"
"1552","02386N"
"1553","09465E"
"1554","09163G"
"1555","01785Y"
"1556","09096R"
"1557","08985X"
"1558","03058Y"
"1559","08725F"
"1560","05388N"
"1561","09513Q"
"1562","09526J"
"1563","10061M"
"1564","02881P"
"1565","06332G"
"1566","09223K"
"1567","09316H"
"1568","08549Y"
"1569","09334G"
"1570","02878L"
"1571","05277R"
"1572","02804N"
"1573","06114T"
"1574","09669X"
"1575","01128J"
"1576","02914J"
"1577","06417R"
"1578","01765X"
"1579","02542T"
"1580","08698T"
"1581","05126T"
"1582","09492N"
"1583","06861D"
"1584","01977C"
"1585","08511Y"
"1586","05550D"
"1587","02115H"
"1588","03109P"
"1589","01302M"
"1590","04583F"
"1591","01270W"
"1592","08577K"
"1593","10089B"
"1594","08277P"
"1595","06386D"
"1596","02979T"
"1597","09514R"
"1598","09399Q"
"1599","08286D"
"1600","02222Y"
"1601","05568C"
"1602","08272J"
"1603","05729M"
"1604","07709R"
"1605","08146R"
"1606","05560P"
"1607","10007Q"
"1608","02165Y"
"1609","02071B"
"1610","05873D"
"1611","05900M"
"1612","05345H"
"1613","09470K"
"1614","05231H"
"1615","05713Q"
"1616","02396D"
"1617","02784M"
"1618","08449Q"
"1619","01611T"
"1620","03339R"
"1621","09358M"
"1622","09071K"
"1623","06392K"
"1624","02695W"
"1625","05134F"
"1626","02731R"
"1627","10053D"
"1628","09157Y"
"1629","09501C"
"1630","05798E"
"1631","02108Y"
"1632","08717T"
"1633","02886X"
"1634","02527B"
"1635","03349G"
"1636","01382R"
"1637","03385E"
"1638","03450N"
"1639","03434R"
"1640","05601T"
"1641","01897W"
"1642","06644Q"
"1643","09452L"
"1644","08603T"
"1645","01784X"
"1646","02959R"
"1647","08223T"
"1648","02143T"
"1649","03419Y"
"1650","09284P"
"1651","09125G"
"1652","02592K"
"1653","09298J"
"1654","08745G"
"1655","09183H"
"1656","09507J"
"1657","02805P"
"1658","09240H"
"1659","02708M"
"1660","02772X"
"1661","01048E"
"1662","05488W"
"1663","09425C"
"1664","02231K"
"1665","05508X"
"1666","08193F"
"1667","01062X"
"1668","08958L"
"1669","02348N"
"1670","09166K"
"1671","07263G"
"1672","09459W"
"1673","02600W"
"1674","02382J"
"1675","05359C"
"1676","09142E"
"1677","09306T"
"1678","05987D"
"1679","02496J"
"1680","08063J"
"1681","02653P"
"1682","08953F"
"1683","01801T"
"1684","03429L"
"1685","02014B"
"1686","02776D"
"1687","01540C"
"1688","01351D"
"1689","05739C"
"1690","02349P"
"1691","02414C"
"1692","01210Q"
"1693","02946C"
"1694","08699W"
"1695","08398B"
"1696","05327J"
"1697","06594C"
"1698","09239G"
"1699","02770T"
"1700","01691B"
"1701","06270B"
"1702","07272R"
"1703","05460J"
"1704","08973G"
"1705","08294M"
"1706","09202H"
"1707","02913H"
"1708","02454E"
"1709","05177L"
"1710","08783G"
"1711","09357L"
"1712","03136C"
"1713","09654D"
"1714","09237E"
"1715","08253J"
"1716","05741E"
"1717","08642W"
"1718","05825N"
"1719","02874G"
"1720","02248H"
"1721","06215D"
"1722","08601Q"
"1723","09422X"
"1724","08467P"
"1725","09627Q"
"1726","05617P"
"1727","06569R"
"1728","10092E"
"1729","02890D"
"1730","09558C"
"1731","08461H"
"1732","06478Y"
"1733","03337P"
"1734","05808Q"
"1735","08412R"
"1736","09489K"
"1737","01790F"
"1738","02274Q"
"1739","08540L"
"1740","05259T"
"1741","05662B"
"1742","01490K"
"1743","09632Y"
"1744","05268G"
"1745","01520B"
"1746","09720N"
"1747","09333F"
"1748","01246N"
"1749","01516T"
"1750","01932Q"
"1751","05462L"
"1752","05771R"
"1753","08940M"
"1754","07457L"
"1755","06614D"
"1756","08610E"
"1757","09567M"
"1758","09718L"
"1759","09047E"
"1760","07249M"
"1761","09147K"
"1762","08742D"
"1763","04620E"
"1764","02134H"
"1765","09458T"
"1766","02041K"
"1767","02568E"
"1768","05732Q"
"1769","09598E"
"1770","08390N"
"1771","01836P"
"1772","07342K"
"1773","05821J"
"1774","08705E"
"1775","05407N"
"1776","09349C"
"1777","02150E"
"1778","01887H"
"1779","02987F"
"1780","01627P"
"1781","03342X"
"1782","01389D"
"1783","05113D"
"1784","01491L"
"1785","01659H"
"1786","09719M"
"1787","02747N"
"1788","02018F"
"1789","08716R"
"1790","05787N"
"1791","05151D"
"1792","02596P"
"1793","03019X"
"1794","10074F"
"1795","08555G"
"1796","02480M"
"1797","02232L"
"1798","05371Q"
"1799","01189N"
"1800","08647D"
"1801","06263P"
"1802","03428K"
"1803","05902P"
"1804","05146W"
"1805","02351R"
"1806","08365G"
"1807","09420T"
"1808","08501K"
"1809","08907T"
"1810","01162E"
"1811","08653K"
"1812","05321C"
"1813","08239P"
"1814","02387P"
"1815","05834C"
"1816","09310B"
"1817","08892B"
"1818","03010K"
"1819","08292K"
"1820","08222R"
"1821","05208D"
"1822","09547L"
"1823","04650R"
"1824","05434B"
"1825","05943T"
"1826","01853M"
"1827","09392H"
"1828","07260D"
"1829","05852B"
"1830","01460W"
"1831","08489T"
"1832","08457D"
"1833","05375X"
"1834","08679T"
"1835","08554F"
"1836","02429W"
"1837","01466E"
"1838","05715T"
"1839","07599Y"
"1840","09483D"
"1841","02289L"
"1842","05546X"
"1843","08436B"
"1844","02453D"
"1845","05541P"
"1846","02263D"
"1847","06872Q"
"1848","09165J"
"1849","02571H"
"1850","09389E"
"1851","02296W"
"1852","05166X"
"1853","02118L"
"1854","02361G"
"1855","03138E"
"1856","02646G"
"1857","02630K"
"1858","02798G"
"1859","01255C"
"1860","08348J"
"1861","01416M"
"1862","08058D"
"1863","05770Q"
"1864","02810X"
"1865","08845M"
"1866","09331D"
"1867","02608G"
"1868","02357C"
"1869","09245N"
"1870","08789N"
"1871","05853C"
"1872","09064C"
"1873","08221Q"
"1874","02701E"
"1875","05512D"
"1876","09691C"
"1877","01575X"
"1878","02593L"
"1879","09386B"
"1880","01220F"
"1881","01647Q"
"1882","01005X"
"1883","10137M"
"1884","08120J"
"1885","08414W"
"1886","02281C"
"1887","09416N"
"1888","02013Y"
"1889","05666F"
"1890","02981X"
"1891","04512L"
"1892","05794Y"
"1893","08478F"
"1894","06468K"
"1895","04502Y"
"1896","05619R"
"1897","01614Y"
"1898","08640R"
"1899","05427P"
"1900","06246R"
"1901","05144R"
"1902","08491X"
"1903","01309X"
"1904","05936K"
"1905","05861L"
"1906","02671N"
"1907","08379B"
"1908","08094B"
"1909","00043G"
"1910","06219H"
"1911","01304P"
"1912","08899J"
"1913","05652L"
"1914","09347Y"
"1915","08802G"
"1916","01341N"
"1917","06591X"
"1918","05319Y"
"1919","03130R"
"1920","02757D"
"1921","02961W"
"1922","07545D"
"1923","03406G"
"1924","09171Q"
"1925","01733F"
"1926","06407F"
"1927","08682Y"
"1928","06869M"
"1929","05398D"
"1930","09226N"
"1931","02692Q"
"1932","02634P"
"1933","10003L"
"1934","01722P"
"1935","05925W"
"1936","09094P"
"1937","02654Q"
"1938","09722Q"
"1939","05278T"
"1940","09197C"
"1941","01256D"
"1942","09241J"
"1943","01603J"
"1944","09292C"
"1945","09659J"
"1946","09213X"
"1947","06289B"
"1948","05102M"
"1949","09340N"
"1950","09541E"
"1951","02493F"
"1952","10044P"
"1953","01567L"
"1954","08415X"
"1955","08545R"
"1956","09449H"
"1957","06536B"
"1958","09677H"
"1959","09318K"
"1960","09041W"
"1961","05167Y"
"1962","01392G"
"1963","06292E"
"1964","04436L"
"1965","02444P"
"1966","09133Q"
"1967","09664P"
"1968","09355J"
"1969","01781R"
"1970","08240Q"
"1971","08079F"
"1972","08750M"
"1973","05927Y"
"1974","05583W"
"1975","05763H"
"1976","02765M"
"1977","05395Y"
"1978","05845P"
"1979","02921R"
"1980","08135E"
"1981","01414K"
"1982","05733R"
"1983","05570E"
"1984","05985B"
"1985","05029Q"
"1986","07256X"
"1987","01555W"
"1988","09346X"
"1989","06481D"
"1990","05451X"
"1991","08464L"
"1992","05305F"
"1993","02915K"
"1994","05149B"
"1995","03416T"
"1996","08353P"
"1997","03092R"
"1998","01095P"
"1999","05265D"
"2000","08020D"
"2001","06365B"
"2002","06151R"
"2003","06397Q"
"2004","02975N"
"2005","02145X"
"2006","10045Q"
"2007","08799D"
"2008","01247P"
"2009","02024M"
"2010","03360W"
"2011","09161E"
"2012","05910C"
"2013","06896Y"
"2014","02547C"
"2015","08758Y"
"2016","05247E"
"2017","05047P"
"2018","09727Y"
"2019","09108J"
"2020","05836E"
"2021","09681M"
"2022","07234R"
"2023","01476Q"
"2024","02818H"
"2025","08160L"
"2026","02025N"
"2027","09169N"
"2028","08128T"
"2029","08880J"
"2030","02362H"
"2031","05233K"
"2032","09460X"
"2033","08432T"
"2034","01288T"
"2035","02518M"
"2036","06480C"
"2037","09668W"
"2038","10026Q"
"2039","01434L"
"2040","06218G"
"2041","08496E"
"2042","09597D"
"2043","04703M"
"2044","09044B"
"2045","05854D"
"2046","02681D"
"2047","03033P"
"2048","08830R"
"2049","06450L"
"2050","01766Y"
"2051","03426H"
"2052","05743G"
"2053","09086F"
"2054","09397N"
"2055","05647F"
"2056","01788D"
"2057","08068P"
"2058","08290H"
"2059","05143Q"
"2060","05784K"
"2061","02844Q"
"2062","09098W"
"2063","02167C"
"2064","06195C"
"2065","01928L"
"2066","05148Y"
"2067","07082R"
"2068","06324W"
"2069","02700D"
"2070","08507R"
"2071","07056J"
"2072","04632T"
"2073","09020R"
"2074","08616L"
"2075","09308X"
"2076","06609W"
"2077","09439T"
"2078","05236N"
"2079","08821G"
"2080","05897J"
"2081","03134Y"
"2082","08202Q"
"2083","05281Y"
"2084","08035X"
"2085","09423Y"
"2086","09265P"
"2087","05665E"
"2088","10187E"
"2089","05452Y"
"2090","07052E"
"2091","05751Q"
"2092","06322R"
"2093","06503G"
"2094","09564J"
"2095","02722G"
"2096","05285E"
"2097","09103D"
"2098","08827N"
"2099","10057H"
"2100","08465M"
"2101","07231N"
"2102","01699K"
"2103","08454Y"
"2104","06268X"
"2105","06102E"
"2106","08331L"
"2107","02379F"
"2108","08084L"
"2109","01492M"
"2110","09503E"
"2111","06593B"
"2112","09690B"
"2113","06216E"
"2114","09468H"
"2115","08833X"
"2116","06393L"
"2117","05781G"
"2118","08618N"
"2119","02867X"
"2120","08926T"
"2121","02875H"
"2122","05638R"
"2123","02922T"
"2124","09168M"
"2125","08573F"
"2126","02127Y"
"2127","02029T"
"2128","08427M"
"2129","02702F"
"2130","08305D"
"2131","02590H"
"2132","08426L"
"2133","01559C"
"2134","09475Q"
"2135","09372G"
"2136","08882L"
"2137","09005Y"
"2138","09093N"
"2139","05753T"
"2140","08962Q"
"2141","08149X"
"2142","03363B"
"2143","06424D"
"2144","09075P"
"2145","06245Q"
"2146","09232X"
"2147","09214Y"
"2148","05553G"
"2149","08991F"
"2150","01029E"
"2151","07282G"
"2152","08153D"
"2153","01937Y"
"2154","08159K"
"2155","05786M"
"2156","02461M"
"2157","01821W"
"2158","08623W"
"2159","01528K"
"2160","01907J"
"2161","08537H"
"2162","05863N"
"2163","10111E"
"2164","08319W"
"2165","09070J"
"2166","08628D"
"2167","10049X"
"2168","08859G"
"2169","07301G"
"2170","01786B"
"2171","08822H"
"2172","01192R"
"2173","02763K"
"2174","01533Q"
"2175","02428T"
"2176","05773W"
"2177","02494G"
"2178","08078E"
"2179","03016R"
"2180","01375J"
"2181","02532G"
"2182","01356J"
"2183","06110N"
"2184","08946W"
"2185","01449G"
"2186","08755T"
"2187","05502N"
"2188","05298W"
"2189","09026C"
"2190","06406E"
"2191","02821L"
"2192","05768N"
"2193","05717X"
"2194","08229D"
"2195","10041L"
"2196","09187M"
"2197","02812B"
"2198","06389G"
"2199","09429G"
"2200","05558M"
"2201","03302T"
"2202","05930D"
"2203","05461K"
"2204","09499Y"
"2205","02435E"
"2206","08933E"
"2207","08533D"
"2208","02664F"
"2209","02587E"
"2210","08312L"
"2211","09248R"
"2212","08156G"
"2213","08596K"
"2214","02669L"
"2215","08663Y"
"2216","05403J"
"2217","09294E"
"2218","08532C"
"2219","09359N"
"2220","06501E"
"2221","05605B"
"2222","02802L"
"2223","08506Q"
"2224","09144G"
"2225","09374J"
"2226","01573T"
"2227","03036T"
"2228","05299X"
"2229","01464C"
"2230","02666H"
"2231","01884E"
"2232","02101N"
"2233","09710C"
"2234","02246F"
"2235","10146B"
"2236","08887R"
"2237","07235T"
"2238","10127B"
"2239","08600P"
"2240","01010E"
"2241","08019C"
"2242","05227D"
"2243","08718W"
"2244","02920Q"
"2245","05141N"
"2246","09299K"
"2247","06385C"
"2248","05977N"
"2249","09736K"
"2250","05535H"
"2251","02978R"
"2252","03131T"
"2253","06870N"
"2254","09692D"
"2255","02703G"
"2256","05813Y"
"2257","05432X"
"2258","08548X"
"2259","08998N"
"2260","05549C"
"2261","04403R"
"2262","05513E"
"2263","02093E"
"2264","08570C"
"2265","08023G"
"2266","09008D"
"2267","09189P"
"2268","05971G"
"2269","02481N"
"2270","08358X"
"2271","05533F"
"2272","05317W"
"2273","09367B"
"2274","05191F"
"2275","01526H"
"2276","08029N"
"2277","01100X"
"2278","08599N"
"2279","05240T"
"2280","05095E"
"2281","05071X"
"2282","06254E"
"2283","08010N"
"2284","08389M"
"2285","07246J"
"2286","08839F"
"2287","05831X"
"2288","00030N"
"2289","08949B"
"2290","08606Y"
"2291","00044H"
"2292","00013Q"
"2293","01595Y"
"2294","03424F"
"2295","08697R"
"2296","09550P"
"2297","01475P"
"2298","05430T"
"2299","01764W"
"2300","02319C"
"2301","06612B"
"2302","01099W"
"2303","05921P"
"2304","01433K"
"2305","01683N"
"2306","02522R"
"2307","08764G"
"2308","09698K"
"2309","05567B"
"2310","10140Q"
"2311","04361M"
"2312","05063L"
"2313","05774X"
"2314","01398N"
"2315","10134J"
"2316","02856H"
"2317","06868L"
"2318","10011X"
"2319","03028J"
"2320","02430X"
"2321","05735W"
"2322","05365J"
"2323","09649W"
"2324","02730Q"
"2325","04309T"
"2326","01586L"
"2327","06434P"
"2328","05016B"
"2329","02391W"
"2330","08765H"
"2331","02082N"
"2332","05061J"
"2333","03074T"
"2334","08740B"
"2335","09123E"
"2336","05145T"
"2337","10184B"
"2338","08565T"
"2339","09589Q"
"2340","09211T"
"2341","08161M"
"2342","05628F"
"2343","08276N"
"2344","01092L"
"2345","02175L"
"2346","06398R"
"2347","08869T"
"2348","05499K"
"2349","10152H"
"2350","10082P"
"2351","08654L"
"2352","02185B"
"2353","06636G"
"2354","01638F"
"2355","10083Q"
"2356","08695P"
"2357","02885W"
"2358","01330B"
"2359","04514N"
"2360","09348B"
"2361","09602J"
"2362","06138C"
"2363","08014T"
"2364","02034C"
"2365","06127L"
"2366","09311C"
"2367","08749L"
"2368","08825L"
"2369","08264Y"
"2370","05858H"
"2371","02642C"
"2372","08560M"
"2373","06388F"
"2374","03038X"
"2375","03410L"
"2376","03050M"
"2377","05346J"
"2378","05448R"
"2379","09079W"
"2380","08380C"
"2381","05627E"
"2382","07055H"
"2383","09689Y"
"2384","02181T"
"2385","02334W"
"2386","08637N"
"2387","01734G"
"2388","08340Y"
"2389","05958N"
"2390","08983T"
"2391","02352T"
"2392","09012H"
"2393","05442K"
"2394","05914G"
"2395","01008C"
"2396","07229L"
"2397","05482M"
"2398","08399C"
"2399","05515G"
"2400","08981Q"
"2401","01815M"
"2402","02791X"
"2403","09426D"
"2404","08397Y"
"2405","09313E"
"2406","06199G"
"2407","09443B"
"2408","08834Y"
"2409","00023F"
"2410","02380G"
"2411","05337X"
"2412","01195X"
"2413","04437M"
"2414","05797D"
"2415","00063H"
"2416","02492E"
"2417","09159C"
"2418","01639G"
"2419","08979N"
"2420","02610J"
"2421","05260W"
"2422","02750R"
"2423","10119N"
"2424","08474B"
"2425","06328C"
"2426","01269T"
"2427","05992J"
"2428","08800E"
"2429","08462J"
"2430","09482C"
"2431","05939N"
"2432","09295F"
"2433","08696Q"
"2434","05635N"
"2435","05876G"
"2436","05867T"
"2437","05716W"
"2438","02308L"
"2439","08376W"
"2440","07264H"
"2441","02283E"
"2442","10002K"
"2443","08586X"
"2444","08602R"
"2445","01393H"
"2446","01636D"
"2447","09714G"
"2448","02446R"
"2449","09508K"
"2450","01127H"
"2451","02530E"
"2452","06436R"
"2453","09706W"
"2454","05422J"
"2455","03066J"
"2456","09578D"
"2457","01640H"
"2458","08201P"
"2459","07281F"
"2460","08049P"
"2461","01849H"
"2462","01467F"
"2463","06279L"
"2464","06358P"
"2465","03027H"
"2466","01158Y"
"2467","08408M"
"2468","08675N"
"2469","05258R"
"2470","08176H"
"2471","03383C"
"2472","01616C"
"2473","05232J"
"2474","09035M"
"2475","02209G"
"2476","08863L"
"2477","08939L"
"2478","01751E"
"2479","02744K"
"2480","02427R"
"2481","01350C"
"2482","08345F"
"2483","09366Y"
"2484","05312N"
"2485","08598M"
"2486","08071T"
"2487","09625N"
"2488","09155W"
"2489","01906H"
"2490","08337T"
"2491","02257T"
"2492","02898M"
"2493","02161R"
"2494","09289X"
"2495","09461Y"
"2496","06286W"
"2497","05616N"
"2498","08646C"
"2499","08681X"
"2500","02783L"
"2501","08924Q"
"2502","09707X"
"2503","02507Y"
"2504","09701N"
"2505","01400Q"
"2506","02849Y"
"2507","06566N"
"2508","03106L"
"2509","08056B"
"2510","08515E"
"2511","08796Y"
"2512","09014K"
"2513","05097G"
"2514","08417B"
"2515","02117K"
"2516","08371N"
"2517","08298R"
"2518","09128K"
"2519","05500L"
"2520","07079N"
"2521","03012M"
"2522","01527J"
"2523","05909B"
"2524","04312Y"
"2525","10107Y"
"2526","01706T"
"2527","08301X"
"2528","09582H"
"2529","05869X"
"2530","08367J"
"2531","04360L"
"2532","06562J"
"2533","06499C"
"2534","04364Q"
"2535","05769P"
"2536","05038E"
"2537","10069Y"
"2538","02636R"
"2539","09091L"
"2540","05756Y"
"2541","08711L"
"2542","08387K"
"2543","01258F"
"2544","05288H"
"2545","01456P"
"2546","09117W"
"2547","08421F"
"2548","02939Q"
"2549","08315P"
"2550","02240X"
"2551","09369D"
"2552","09293D"
"2553","01623K"
"2554","08011P"
"2555","05632K"
"2556","09040T"
"2557","01886G"
"2558","05999R"
"2559","09495R"
"2560","05864P"
"2561","01752F"
"2562","05474D"
"2563","02531F"
"2564","05263B"
"2565","02943X"
"2566","08362D"
"2567","08662X"
"2568","05530C"
"2569","08721B"
"2570","05110Y"
"2571","08778B"
"2572","01696G"
"2573","06390H"
"2574","09409F"
"2575","10157N"
"2576","05205Y"
"2577","01508J"
"2578","09444C"
"2579","08100H"
"2580","03403D"
"2581","05477G"
"2582","01708X"
"2583","05518K"
"2584","09303P"
"2585","05274N"
"2586","03442E"
"2587","08884N"
"2588","05887W"
"2589","05564W"
"2590","09264N"
"2591","08966X"
"2592","05728L"
"2593","08429P"
"2594","02245E"
"2595","08685D"
"2596","02142R"
"2597","02130D"
"2598","02691P"
"2599","02785N"
"2600","08704D"
"2601","09454N"
"2602","02990J"
"2603","01322N"
"2604","05748M"
"2605","08054X"
"2606","06504H"
"2607","01583H"
"2608","05788P"
"2609","09711D"
"2610","01757L"
"2611","02174K"
"2612","01648R"
"2613","05290K"
"2614","08066M"
"2615","08819E"
"2616","05906W"
"2617","05347K"
"2618","08393R"
"2619","02294R"
"2620","09574X"
"2621","07064T"
"2622","08786K"
"2623","10133H"
"2624","03059B"
"2625","09435N"
"2626","08558K"
"2627","03316M"
"2628","02537M"
"2629","08578L"
"2630","05123P"
"2631","08001D"
"2632","08612G"
"2633","01703P"
"2634","01390E"
"2635","01478T"
"2636","09655E"
"2637","02851C"
"2638","01773H"
"2639","01596B"
"2640","08147T"
"2641","06125J"
"2642","09645P"
"2643","02796E"
"2644","01459T"
"2645","01080W"
"2646","09122D"
"2647","06840B"
"2648","07087B"
"2649","08043H"
"2650","01789E"
"2651","06423C"
"2652","09680L"
"2653","08444K"
"2654","02415D"
"2655","01027C"
"2656","09219F"
"2657","09138Y"
"2658","05293N"
"2659","07902X"
"2660","02598R"
"2661","05626D"
"2662","04725Q"
"2663","01585K"
"2664","09190Q"
"2665","01693D"
"2666","05777C"
"2667","01484D"
"2668","08855C"
"2669","04443W"
"2670","08788M"
"2671","10042M"
"2672","03389J"
"2673","02180R"
"2674","08664B"
"2675","09371F"
"2676","01115Q"
"2677","05618Q"
"2678","10200W"
"2679","07230M"
"2680","02544X"
"2681","01102B"
"2682","08597L"
"2683","01894Q"
"2684","09538B"
"2685","05269H"
"2686","01368B"
"2687","01497T"
"2688","01031G"
"2689","02001H"
"2690","02100M"
"2691","06443D"
"2692","09330C"
"2693","06837W"
"2694","08076C"
"2695","08747J"
"2696","08650G"
"2697","08151B"
"2698","08694N"
"2699","01702N"
"2700","09019Q"
"2701","08641T"
"2702","03053Q"
"2703","10015D"
"2704","08085M"
"2705","06702R"
"2706","02860M"
"2707","04615X"
"2708","08125P"
"2709","06498B"
"2710","05727K"
"2711","01415L"
"2712","04618C"
"2713","05463M"
"2714","02325J"
"2715","05075D"
"2716","05458G"
"2717","05830W"
"2718","02894H"
"2719","03192B"
"2720","05475E"
"2721","03306B"
"2722","03133X"
"2723","08267D"
"2724","08257N"
"2725","02015C"
"2726","02438H"
"2727","08238N"
"2728","05702D"
"2729","02055E"
"2730","09504F"
"2731","05045M"
"2732","10156M"
"2733","10062N"
"2734","03317N"
"2735","05351P"
"2736","02556M"
"2737","09463C"
"2738","10076H"
"2739","09554W"
"2740","01224K"
"2741","02899N"
"2742","09630W"
"2743","05856F"
"2744","08972F"
"2745","01441W"
"2746","02416E"
"2747","09731E"
"2748","05090X"
"2749","02603B"
"2750","08484M"
"2751","08077D"
"2752","05396B"
"2753","05335T"
"2754","10199T"
"2755","08055Y"
"2756","02228G"
"2757","08849R"
"2758","01663M"
"2759","01797N"
"2760","01687T"
"2761","08879H"
"2762","02146Y"
"2763","01762R"
"2764","10144X"
"2765","07643G"
"2766","01658G"
"2767","07251P"
"2768","06363X"
"2769","08525Q"
"2770","08829Q"
"2771","08824K"
"2772","05614L"
"2773","05734T"
"2774","06701Q"
"2775","09027D"
"2776","09291B"
"2777","06531R"
"2778","05603X"
"2779","01228P"
"2780","01326T"
"2781","06425E"
"2782","05604Y"
"2783","03319Q"
"2784","05885R"
"2785","04600D"
"2786","06272D"
"2787","10103R"
"2788","02752W"
"2789","08708H"
"2790","09100Y"
"2791","01279H"
"2792","09419R"
"2793","10080M"
"2794","10038H"
"2795","09198D"
"2796","02011W"
"2797","09084D"
"2798","01545H"
"2799","03116B"
"2800","01771F"
"2801","08692L"
"2802","08034W"
"2803","02148C"
"2804","01711C"
"2805","08872Y"
"2806","04451G"
"2807","09032J"
"2808","02267H"
"2809","05586B"
"2810","01505F"
"2811","02727M"
"2812","01357K"
"2813","05633L"
"2814","05584X"
"2815","08771P"
"2816","05903Q"
"2817","08385H"
"2818","09373H"
"2819","09735J"
"2820","02341F"
"2821","01174T"
"2822","08375T"
"2823","09002T"
"2824","01243K"
"2825","08858F"
"2826","09437Q"
"2827","03411M"
"2828","08531B"
"2829","07270P"
"2830","01939C"
"2831","06731G"
"2832","02960T"
"2833","08225X"
"2834","06871P"
"2835","09247Q"
"2836","05639T"
"2837","03199J"
"2838","09551Q"
"2839","10118M"
"2840","02012X"
"2841","01805B"
"2842","01042W"
"2843","08123M"
"2844","05156J"
"2845","08185T"
"2846","09186L"
"2847","05428Q"
"2848","07225G"
"2849","04619D"
"2850","01391F"
"2851","05052X"
"2852","09134R"
"2853","05843M"
"2854","08152C"
"2855","08282X"
"2856","03094W"
"2857","06707B"
"2858","05406M"
"2859","08542N"
"2860","08536G"
"2861","08857E"
"2862","08784H"
"2863","09336J"
"2864","09403X"
"2865","05267F"
"2866","09539C"
"2867","10091D"
"2868","02614N"
"2869","08901L"
"2870","05336W"
"2871","05411T"
"2872","05835D"
"2873","08582Q"
"2874","08561N"
"2875","02265F"
"2876","09601H"
"2877","10168E"
"2878","08847P"
"2879","05246D"
"2880","07502W"
"2881","08033T"
"2882","08727H"
"2883","05424L"
"2884","09432K"
"2885","03412N"
"2886","02769R"
"2887","02417F"
"2888","09640J"
"2889","08657P"
"2890","08262W"
"2891","05459H"
"2892","03338Q"
"2893","09566L"
"2894","02099L"
"2895","05164T"
"2896","08652J"
"2897","01571Q"
"2898","01024X"
"2899","05157K"
"2900","08214H"
"2901","09743T"
"2902","09081Y"
"2903","02584B"
"2904","05024K"
"2905","06248W"
"2906","09152Q"
"2907","08191D"
"2908","09288W"
"2909","08220P"
"2910","02419H"
"2911","08846N"
"2912","08615K"
"2913","03119E"
"2914","05372R"
"2915","07567G"
"2916","09545J"
"2917","09708Y"
"2918","09278H"
"2919","01929M"
"2920","01323P"
"2921","02880N"
"2922","02870C"
"2923","05348L"
"2924","08169Y"
"2925","05399E"
"2926","09191R"
"2927","02888B"
"2928","01463B"
"2929","01698J"
"2930","05995M"
"2931","05945X"
"2932","05744H"
"2933","05969E"
"2934","08420E"
"2935","01880Y"
"2936","08064K"
"2937","08844L"
"2938","09089J"
"2939","03090P"
"2940","09546K"
"2941","08472X"
"2942","05484P"
"2943","10148D"
"2944","03161J"
"2945","05197M"
"2946","05990G"
"2947","01795L"
"2948","05960Q"
"2949","09139B"
"2950","03437X"
"2951","03405F"
"2952","05656Q"
"2953","05393W"
"2954","02962X"
"2955","09066E"
"2956","01518X"
"2957","08614J"
"2958","08594H"
"2959","05159M"
"2960","05606C"
"2961","09059T"
"2962","09524G"
"2963","06441B"
"2964","08961P"
"2965","08814X"
"2966","08625Y"
"2967","02063N"
"2968","05057E"
"2969","01249R"
"2970","09277G"
"2971","05916J"
"2972","08643X"
"2973","08425K"
"2974","09696H"
"2975","08562P"
"2976","06360R"
"2977","06911R"
"2978","10008R"
"2979","02070Y"
"2980","02096H"
"2981","05033X"
"2982","05405L"
"2983","05907X"
"2984","02138M"
"2985","08026K"
"2986","01313D"
"2987","05759D"
"2988","01922E"
"2989","05356X"
"2990","09102C"
"2991","05212H"
"2992","08126Q"
"2993","09062Y"
"2994","05163R"
"2995","05326H"
"2996","05494E"
"2997","06331F"
"2998","05911D"
"2999","06109M"
"3000","05651K"
"3001","05465P"
"3002","05479J"
"3003","01588N"
"3004","05196L"
"3005","05848T"
"3006","09029F"
"3007","09322P"
"3008","04617B"
"3009","08163P"
"3010","02198Q"
"3011","09540D"
"3012","02665G"
"3013","01819R"
"3014","09478W"
"3015","05548B"
"3016","05610G"
"3017","02773Y"
"3018","08724E"
"3019","06217F"
"3020","05363G"
"3021","02641B"
"3022","01248Q"
"3023","05964X"
"3024","02557N"
"3025","09258G"
"3026","01970Q"
"3027","01252X"
"3028","02825Q"
"3029","09644N"
"3030","02488Y"
"3031","09388D"
"3032","09135T"
"3033","08015W"
"3034","02058H"
"3035","05970F"
"3036","09672C"
"3037","09596C"
"3038","08269F"
"3039","10005N"
"3040","03421C"
"3041","10205D"
"3042","02388Q"
"3043","01499X"
"3044","08906R"
"3045","01404X"
"3046","08050Q"
"3047","09385Y"
"3048","01653B"
"3049","06343W"
"3050","08493B"
"3051","10034D"
"3052","02882Q"
"3053","08644Y"
"3054","09678J"
"3055","04394G"
"3056","08422G"
"3057","05973J"
"3058","08955H"
"3059","06596E"
"3060","05721D"
"3061","08735R"
"3062","10170G"
"3063","08513C"
"3064","01090J"
"3065","09590R"
"3066","07274W"
"3067","09605M"
"3068","05043K"
"3069","02482P"
"3070","05109X"
"3071","05776B"
"3072","05778D"
"3073","05554H"
"3074","05358B"
"3075","09246P"
"3076","01787C"
"3077","08620Q"
"3078","01862B"
"3079","06641M"
"3080","09329B"
"3081","05706H"
"3082","02242B"
"3083","08738X"
"3084","09325T"
"3085","09129L"
"3086","05455D"
"3087","05622X"
"3088","05471Y"
"3089","01060T"
"3090","10033C"
"3091","08133C"
"3092","01582G"
"3093","06207Q"
"3094","02734X"
"3095","08069Q"
"3096","08359Y"
"3097","10064Q"
"3098","08813W"
"3099","05385K"
"3100","08975J"
"3101","01418P"
"3102","01842Y"
"3103","01454M"
"3104","02123R"
"3105","08838E"
"3106","08757X"
"3107","08382E"
"3108","00040D"
"3109","02966D"
"3110","05722E"
"3111","01165H"
"3112","08805K"
"3113","05625C"
"3114","08518H"
"3115","09006B"
"3116","01358L"
"3117","08032R"
"3118","08733P"
"3119","09063B"
"3120","05883P"
"3121","05889Y"
"3122","08754R"
"3123","10162W"
"3124","09220G"
"3125","09658H"
"3126","01525G"
"3127","08583R"
"3128","09083C"
"3129","08016X"
"3130","01319K"
"3131","08587Y"
"3132","01948M"
"3133","10124W"
"3134","03062E"
"3135","09115R"
"3136","04429D"
"3137","10025P"
"3138","01208N"
"3139","09469J"
"3140","09227P"
"3141","02035D"
"3142","05552F"
"3143","05790R"
"3144","08622T"
"3145","02166B"
"3146","05986C"
"3147","06635F"
"3148","08541M"
"3149","08443J"
"3150","02272N"
"3151","05978P"
"3152","07050C"
"3153","09636E"
"3154","05793X"
"3155","02554K"
"3156","05918L"
"3157","06283Q"
"3158","09382T"
"3159","05767M"
"3160","02338C"
"3161","06708C"
"3162","02813C"
"3163","09511N"
"3164","01157X"
"3165","02746M"
"3166","05368M"
"3167","09058R"
"3168","10043N"
"3169","03309E"
"3170","05466Q"
"3171","09210R"
"3172","01828F"
"3173","06877Y"
"3174","08171C"
"3175","09283N"
"3176","01426C"
"3177","02728N"
"3178","09427E"
"3179","08957K"
"3180","02855G"
"3181","08710K"
"3182","05340C"
"3183","05871B"
"3184","09285Q"
"3185","09383W"
"3186","01316G"
"3187","01500Y"
"3188","02900P"
"3189","08006J"
"3190","09549N"
"3191","03447K"
"3192","02566C"
"3193","07348R"
"3194","05661Y"
"3195","09712E"
"3196","02541R"
"3197","04375G"
"3198","08355R"
"3199","08012Q"
"3200","08021E"
"3201","01296F"
"3202","09381R"
"3203","09300L"
"3204","05919M"
"3205","02820K"
"3206","01873N"
"3207","08183Q"
"3208","06525K"
"3209","02226E"
"3210","08059E"
"3211","03413P"
"3212","05600R"
"3213","05961R"
"3214","05531D"
"3215","03438Y"
"3216","01481Y"
"3217","05982W"
"3218","01976B"
"3219","08806L"
"3220","01820T"
"3221","08039D"
"3222","06383Y"
"3223","04706Q"
"3224","08189B"
"3225","08676P"
"3226","03418X"
"3227","09462B"
"3228","09328Y"
"3229","09665Q"
"3230","03376Q"
"3231","05302C"
"3232","02956N"
"3233","01132N"
"3234","08878G"
"3235","09726X"
"3236","02697Y"
"3237","08605X"
"3238","05440H"
"3239","05866R"
"3240","02350Q"
"3241","02854F"
"3242","05594K"
"3243","02026P"
"3244","03104J"
"3245","09243L"
"3246","08115D"
"3247","08986Y"
"3248","05481L"
"3249","02173J"
"3250","08990E"
"3251","01626N"
"3252","03160H"
"3253","08209C"
"3254","01930N"
"3255","05416C"
"3256","01656E"
"3257","01934T"
"3258","01480X"
"3259","06370G"
"3260","02710P"
"3261","02806Q"
"3262","09216C"
"3263","05846Q"
"3264","09637F"
"3265","08588B"
"3266","05740D"
"3267","05703E"
"3268","00015T"
"3269","09140C"
"3270","01241H"
"3271","05394X"
"3272","08968B"
"3273","08498G"
"3274","05414Y"
"3275","09360P"
"3276","06510P"
"3277","05932F"
"3278","09078T"
"3279","01511M"
"3280","09729C"
"3281","09013J"
"3282","05257Q"
"3283","01445C"
"3284","02761H"
"3285","05880L"
"3286","03384D"
"3287","05526W"
"3288","05595L"
"3289","01800R"
"3290","08213G"
"3291","09200F"
"3292","05276Q"
"3293","02184Y"
"3294","06409H"
"3295","07236W"
"3296","03095X"
"3297","08048N"
"3298","08523N"
"3299","08452W"
"3300","01898X"
"3301","02328M"
"3302","02884T"
"3303","05566Y"
"3304","09342Q"
"3305","05623Y"
"3306","02440K"
"3307","01292B"
"3308","09560E"
"3309","05476F"
"3310","08678R"
"3311","02378E"
"3312","07226H"
"3313","02332R"
"3314","02974M"
"3315","05983X"
"3316","06597F"
"3317","04731B"
"3318","08485N"
"3319","02316X"
"3320","09456Q"
"3321","08244X"
"3322","10055F"
"3323","01250T"
"3324","09048F"
"3325","08815Y"
"3326","09626P"
"3327","05193H"
"3328","07239B"
"3329","06890P"
"3330","05532E"
"3331","05810T"
"3332","05352Q"
"3333","09101B"
"3334","04428C"
"3335","05501M"
"3336","09415M"
"3337","01745W"
"3338","01453L"
"3339","03065H"
"3340","02091C"
"3341","09167L"
"3342","01996C"
"3343","09396M"
"3344","09683P"
"3345","08873B"
"3346","02395C"
"3347","08624X"
"3348","08768L"
"3349","02931G"
"3350","05670K"
"3351","01501B"
"3352","06208R"
"3353","05386L"
"3354","01674D"
"3355","06953Y"
"3356","06320P"
"3357","06725Y"
"3358","08504N"
"3359","02190G"
"3360","06497Y"
"3361","01891M"
"3362","05742F"
"3363","09037P"
"3364","10154K"
"3365","05207C"
"3366","05571F"
"3367","01920C"
"3368","10066T"
"3369","09127J"
"3370","08138H"
"3371","05446P"
"3372","08274L"
"3373","02816F"
"3374","09617E"
"3375","03052P"
"3376","08785J"
"3377","09045C"
"3378","02964B"
"3379","01529L"
"3380","08638P"
"3381","05581R"
"3382","09192T"
"3383","08234J"
"3384","06493R"
"3385","02225D"
"3386","08455B"
"3387","09229R"
"3388","02729P"
"3389","08065L"
"3390","08611F"
"3391","07062Q"
"3392","02721F"
"3393","05469W"
"3394","05344G"
"3395","03325B"
"3396","01558B"
"3397","05234L"
"3398","06483F"
"3399","02550F"
"3400","03303W"
"3401","05710M"
"3402","09542F"
"3403","05341D"
"3404","05318X"
"3405","02574L"
"3406","05377B"
"3407","05942R"
"3408","01892N"
"3409","05765K"
"3410","01242J"
"3411","09119Y"
"3412","06209T"
"3413","09000Q"
"3414","07928G"
"3415","03198H"
"3416","02643D"
"3417","01311B"
"3418","05989F"
"3419","08866P"
"3420","09565K"
"3421","10037G"
"3422","09184J"
"3423","07254T"
"3424","02358D"
"3425","05456E"
"3426","01002R"
"3427","04376H"
"3428","01634B"
"3429","03392M"
"3430","03026G"
"3431","07273T"
"3432","05602W"
"3433","05908Y"
"3434","08831T"
"3435","05892D"
"3436","07247K"
"3437","10138N"
"3438","09271Y"
"3439","08438D"
"3440","10075G"
"3441","09121C"
"3442","05249G"
"3443","09448G"
"3444","05493D"
"3445","06325X"
"3446","07255W"
"3447","05764J"
"3448","02726L"
"3449","08851W"
"3450","08227B"
"3451","05437E"
"3452","02753X"
"3453","01565J"
"3454","08520K"
"3455","02675T"
"3456","08349K"
"3457","03433Q"
"3458","03374N"
"3459","02586D"
"3460","05379D"
"3461","09747B"
"3462","08649F"
"3463","03427J"
"3464","08791Q"
"3465","02318B"
"3466","10188F"
"3467","08820F"
"3468","05331N"
"3469","02431Y"
"3470","01206L"
"3471","08522M"
"3472","08832W"
"3473","01522D"
"3474","09394K"
"3475","08394T"
"3476","07343L"
"3477","07080P"
"3478","01574W"
"3479","09099X"
"3480","05418E"
"3481","09534T"
"3482","08889W"
"3483","05224Y"
"3484","01519Y"
"3485","01598D"
"3486","02887Y"
"3487","09235C"
"3488","04712B"
"3489","03415R"
"3490","08486P"
"3491","08894D"
"3492","10121Q"
"3493","05935J"
"3494","09150N"
"3495","08411Q"
"3496","10059K"
"3497","01566K"
"3498","02478K"
"3499","02609H"
"3500","09188N"
"3501","10024N"
"3502","08471W"
"3503","01531N"
"3504","05714R"
"3505","09442Y"
"3506","05812X"
"3507","10046R"
"3508","05758C"
"3509","05273M"
"3510","01874P"
"3511","08963R"
"3512","10122R"
"3513","05782H"
"3514","09323Q"
"3515","06571W"
"3516","06440Y"
"3517","09016M"
"3518","02986E"
"3519","08923P"
"3520","01704Q"
"3521","06284R"
"3522","05423K"
"3523","05779E"
"3524","08479G"
"3525","08437C"
"3526","01205K"
"3527","05726J"
"3528","01082Y"
"3529","06101D"
"3530","05114E"
"3531","10009T"
"3532","08289G"
"3533","05338Y"
"3534","08604W"
"3535","05203W"
"3536","09203J"
"3537","08925R"
"3538","02535K"
"3539","02236Q"
"3540","07241D"
"3541","05040G"
"3542","02135J"
"3543","02536L"
"3544","08977L"
"3545","02767P"
"3546","01034K"
"3547","08137G"
"3548","08686E"
"3549","09380Q"
"3550","01754H"
"3551","08196J"
"3552","08284B"
"3553","06262N"
"3554","01935W"
"3555","01512N"
"3556","05669J"
"3557","04319H"
"3558","05912E"
"3559","01921D"
"3560","09053L"
"3561","01081X"
"3562","02953K"
"3563","02774B"
"3564","09043Y"
"3565","05609F"
"3566","01609Q"
"3567","05483N"
"3568","02321E"
"3569","01969P"
"3570","05013W"
"3571","05140M"
"3572","04444X"
"3573","05976M"
"3574","05984Y"
"3575","05799F"
"3576","02072C"
"3577","01327W"
"3578","09158B"
"3579","01557Y"
"3580","01473M"
"3581","06396P"
"3582","05444M"
"3583","08591E"
"3584","03435T"
"3585","02817G"
"3586","01413J"
"3587","06120D"
"3588","09404Y"
"3589","10193L"
"3590","01209P"
"3591","05636P"
"3592","08456C"
"3593","08440F"
"3594","04439P"
"3595","07252Q"
"3596","01782T"
"3597","02919P"
"3598","01728Y"
"3599","09039R"
"3600","02650L"
"3601","02850B"
"3602","02201W"
"3603","02513G"
"3604","01061W"
"3605","02977Q"
"3606","09418Q"
"3607","08378Y"
"3608","08774T"
"3609","04531L"
"3610","02923W"
"3611","02876J"
"3612","01172Q"
"3613","01397M"
"3614","02781J"
"3615","08446M"
"3616","09368C"
"3617","10020J"
"3618","06253D"
"3619","02244D"
"3620","09611W"
"3621","05655P"
"3622","05585Y"
"3623","06842D"
"3624","05204X"
"3625","01446D"
"3626","02420J"
"3627","09525H"
"3628","02676W"
"3629","08567X"
"3630","02020H"
"3631","07244G"
"3632","08247C"
"3633","05124Q"
"3634","08404H"
"3635","06704W"
"3636","10108B"
"3637","01012G"
"3638","06339P"
"3639","06567P"
"3640","08743E"
"3641","08817C"
"3642","02949F"
"3643","09464D"
"3644","01763T"
"3645","05534G"
"3646","05118J"
"3647","02694T"
"3648","00041E"
"3649","07074H"
"3650","01036M"
"3651","06699N"
"3652","08481J"
"3653","05333Q"
"3654","05540N"
"3655","06203L"
"3656","01799Q"
"3657","10126Y"
"3658","09185K"
"3659","08792R"
"3660","08279R"
"3661","01630T"
"3662","08092X"
"3663","09312D"
"3664","09536X"
"3665","08439E"
"3666","06839Y"
"3667","10135K"
"3668","05306G"
"3669","06915Y"
"3670","09745X"
"3671","08306E"
"3672","06633D"
"3673","09055N"
"3674","03078B"
"3675","08336R"
"3676","01272Y"
"3677","08566W"
"3678","08763F"
"3679","05750P"
"3680","05103N"
"3681","05924T"
"3682","09717K"
"3683","03440C"
"3684","07539T"
"3685","01190P"
"3686","05014X"
"3687","01956Y"
"3688","10006P"
"3689","08086N"
"3690","08777Y"
"3691","06495W"
"3692","09097T"
"3693","02834E"
"3694","09509L"
"3695","01032H"
"3696","07077L"
"3697","09034L"
"3698","01878W"
"3699","01300K"
"3700","09003W"
"3701","08728J"
"3702","06104G"
"3703","10032B"
"3704","01850J"
"3705","08210D"
"3706","07283H"
"3707","08256M"
"3708","02709N"
"3709","08333N"
"3710","09697J"
"3711","09379P"
"3712","09365X"
"3713","01474N"
"3714","08767K"
"3715","09052K"
"3716","10143W"
"3717","02122Q"
"3718","09225M"
"3719","08621R"
"3720","06367D"
"3721","01966L"
"3722","06410J"
"3723","05572G"
"3724","05284D"
"3725","05766L"
"3726","08157H"
"3727","03047J"
"3728","02168D"
"3729","05119K"
"3730","02917M"
"3731","06845G"
"3732","05888X"
"3733","06492Q"
"3734","09485F"
"3735","10165B"
"3736","05046N"
"3737","07224F"
"3738","02667J"
"3739","05720C"
"3740","08854B"
"3741","08097E"
"3742","09361Q"
"3743","09236D"
"3744","09354H"
"3745","09143F"
"3746","08450R"
"3747","01806C"
"3748","02199R"
"3749","05296R"
"3750","05280X"
"3751","02864R"
"3752","08903N"
"3753","05957M"
"3754","02841M"
"3755","05738B"
"3756","08734Q"
"3757","01646P"
"3758","02965C"
"3759","08938K"
"3760","02997R"
"3761","08510X"
"3762","05390Q"
"3763","09049G"
"3764","06416Q"
"3765","08989D"
"3766","06227R"
"3767","05607D"
"3768","10120P"
"3769","01086E"
"3770","02102P"
"3771","01824B"
"3772","09666R"
"3773","03096Y"
"3774","08797B"
"3775","09364W"
"3776","08574G"
"3777","03103H"
"3778","09009E"
"3779","10010W"
"3780","08836C"
"3781","08433W"
"3782","08690J"
"3783","05582T"
"3784","06255F"
"3785","01260H"
"3786","08974H"
"3787","08951D"
"3788","08245Y"
"3789","08904P"
"3790","02989H"
"3791","02739E"
"3792","05077F"
"3793","05646E"
"3794","08300W"
"3795","09162F"
"3796","02044N"
"3797","02371T"
"3798","02243C"
"3799","01126G"
"3800","09556Y"
"3801","01125F"
"3802","05439G"
"3803","02027Q"
"3804","06563K"
"3805","06264Q"
"3806","05507W"
"3807","05865Q"
"3808","03381Y"
"3809","05354T"
"3810","08265B"
"3811","05436D"
"3812","03420B"
"3813","03431N"
"3814","08714P"
"3815","01899Y"
"3816","08850T"
"3817","01259G"
"3818","01188M"
"3819","01910M"
"3820","05221T"
"3821","05517J"
"3822","02367N"
"3823","03064G"
"3824","07058L"
"3825","03449M"
"3826","08445L"
"3827","09421W"
"3828","01984K"
"3829","09378N"
"3830","02606E"
"3831","08795X"
"3832","02562W"
"3833","01959D"
"3834","01343Q"
"3835","05649H"
"3836","08296P"
"3837","08090T"
"3838","08572E"
"3839","08709J"
"3840","02164X"
"3841","08293L"
"3842","06873R"
"3843","05189D"
"3844","05419F"
"3845","10078K"
"3846","08568Y"
"3847","08217L"
"3848","09595B"
"3849","09287T"
"3850","05018D"
"3851","02698B"
"3852","01285P"
"3853","04582E"
"3854","02575M"
"3855","09682N"
"3856","07053F"
"3857","08181N"
"3858","08967Y"
"3859","02971J"
"3860","09302N"
"3861","06534X"
"3862","10149E"
"3863","08430Q"
"3864","08373Q"
"3865","07313X"
"3866","02843P"
"3867","09065D"
"3868","02136K"
"3869","01153Q"
"3870","10001J"
"3871","05357Y"
"3872","04327R"
"3873","09651Y"
"3874","02652N"
"3875","05624B"
"3876","06533W"
"3877","08526R"
"3878","02172H"
"3879","05724G"
"3880","09036N"
"3881","01615B"
"3882","01554T"
"3883","09363T"
"3884","02432B"
"3885","00022E"
"3886","09620H"
"3887","08352N"
"3888","03132W"
"3889","05754W"
"3890","08775W"
"3891","05491B"
"3892","01004W"
"3893","05667G"
"3894","05545W"
"3895","02866W"
"3896","03164M"
"3897","05922Q"
"3898","05860K"
"3899","05376Y"
"3900","05590F"
"3901","09320M"
"3902","02837H"
"3903","04610P"
"3904","02433C"
"3905","05301B"
"3906","05842L"
"3907","09642L"
"3908","01347X"
"3909","02374Y"
"3910","02003K"
"3911","09076Q"
"3912","05425M"
"3913","05718Y"
"3914","08251G"
"3915","09181F"
"3916","08144P"
"3917","05505R"
"3918","05509Y"
"3919","05959P"
"3920","01682M"
"3921","09111M"
"3922","05561Q"
"3923","05775Y"
"3924","06419W"
"3925","09042X"
"3926","07242E"
"3927","01121B"
"3928","08512B"
"3929","09267R"
"3930","05037D"
"3931","05650J"
"3932","05972H"
"3933","05490Y"
"3934","08665C"
"3935","06867K"
"3936","02422L"
"3937","05454C"
"3938","01705R"
"3939","01917X"
"3940","09095Q"
"3941","05559N"
"3942","07223E"
"3943","07604F"
"3944","05361E"
"3945","08619P"
"3946","08861J"
"3947","09505G"
"3948","10088Y"
"3949","05525T"
"3950","08895E"
"3951","04613T"
"3952","02623C"
"3953","04440Q"
"3954","08674M"
"3955","08748K"
"3956","04431F"
"3957","05041H"
"3958","02157M"
"3959","06611Y"
"3960","08083K"
"3961","05137J"
"3962","01477R"
"3963","09393J"
"3964","05382G"
"3965","08266C"
"3966","08114C"
"3967","06418T"
"3968","06734K"
"3969","01171P"
"3970","05353R"
"3971","09424B"
"3972","02048T"
"3973","09255D"
"3974","02460L"
"3975","06267W"
"3976","05225B"
"3977","02868Y"
"3978","08370M"
"3979","04713C"
"3980","08569B"
"3981","08374R"
"3982","03409K"
"3983","07076K"
"3984","09580F"
"3985","08328H"
"3986","05668H"
"3987","03037W"
"3988","05084N"
"3989","08856D"
"3990","01925H"
"3991","08736T"
"3992","08841H"
"3993","06866J"
"3994","01622J"
"3995","08828P"
"3996","09170P"
"3997","01472L"
"3998","05557L"
"3999","03318P"
"4000","06391J"
"4001","02426Q"
"4002","08409N"
"4003","02952J"
"4004","07248L"
"4005","05789Q"
"4006","01936X"
"4007","03054R"
"4008","09274D"
"4009","02286H"
"4010","09056P"
"4011","03436W"
"4012","09222J"
"4013","05811W"
"4014","08590D"
"4015","01811H"
"4016","09112N"
"4017","10084R"
"4018","08463K"
"4019","01182F"
"4020","02688L"
"4021","09481B"
"4022","08470T"
"4023","06729E"
"4024","06488L"
"4025","09704R"
"4026","05841K"
"4027","03328E"
"4028","02114G"
"4029","08729K"
"4030","06338N"
"4031","09286R"
"4032","01810G"
"4033","02477J"
"4034","06444E"
"4035","01093M"
"4036","05826P"
"4037","01131M"
"4038","09244M"
"4039","05510B"
"4040","09269W"
"4041","05421H"
"4042","02748P"
"4043","01287R"
"4044","09004X"
"4045","08313M"
"4046","05100K"
"4047","09728B"
"4048","01065C"
"4049","02827T"
"4050","10179R"
"4051","01016L"
"4052","02278X"
"4053","02293Q"
"4054","08658Q"
"4055","09516W"
"4056","08719X"
"4057","05485Q"
"4058","01981G"
"4059","08395W"
"4060","05849W"
"4061","06887L"
"4062","08818D"
"4063","05355W"
"4064","05796C"
"4065","08739Y"
"4066","09250W"
"4067","09351E"
"4068","05521N"
"4069","08761D"
"4070","05162Q"
"4071","01888J"
"4072","09699L"
"4073","01168L"
"4074","02696X"
"4075","08134D"
"4076","05975L"
"4077","09060W"
"4078","05522P"
"4079","08141L"
"4080","08840G"
"4081","05890B"
"4082","09305R"
"4083","02095G"
"4084","06211X"
"4085","01495Q"
"4086","06204M"
"4087","08509W"
"4088","01221G"
"4089","08883M"
"4090","03333K"
"4091","02863Q"
"4092","09204K"
"4093","06430K"
"4094","08893C"
"4095","02857J"
"4096","02313R"
"4097","05300Y"
"4098","02511E"
"4099","08931C"
"4100","09411H"
"4101","05807P"
"4102","08025J"
"4103","01770E"
"4104","06361T"
"4105","06638J"
"4106","05350N"
"4107","08270G"
"4108","02323G"
"4109","08165R"
"4110","09477T"
"4111","09092M"
"4112","01227N"
"4113","08756W"
"4114","09684Q"
"4115","05409Q"
"4116","01280J"
"4117","06400W"
"4118","08753Q"
"4119","05523Q"
"4120","10150F"
"4121","08673L"
"4122","05755X"
"4123","08154E"
"4124","02359E"
"4125","09317J"
"4126","08495D"
"4127","08295N"
"4128","09405B"
"4129","08007K"
"4130","09118X"
"4131","08528W"
"4132","06356M"
"4133","08715Q"
"4134","08816B"
"4135","10052C"
"4136","08626B"
"4137","09715H"
"4138","09343R"
"4139","05238Q"
"4140","08316Q"
"4141","05011R"
"4142","08684C"
"4143","09474P"
"4144","10090C"
"4145","05349M"
"4146","08062H"
"4147","01439R"
"4148","10077J"
"4149","08273K"
"4150","08453X"
"4151","09494Q"
"4152","06223M"
"4153","05378C"
"4154","09412J"
"4155","09390F"
"4156","05562R"
"4157","08230E"
"4158","05801H"
"4159","09327X"
"4160","08538J"
"4161","01742Q"
"4162","02668K"
"4163","05283C"
"4164","05449T"
"4165","09577C"
"4166","10183Y"
"4167","08311K"
"4168","06860C"
"4169","09624M"
"4170","03176E"
"4171","09563H"
"4172","06290C"
"4173","05993K"
"4174","01263L"
"4175","08473Y"
"4176","06496X"
"4177","06512R"
"4178","09634C"
"4179","10129D"
"4180","07310R"
"4181","05096F"
"4182","01938B"
"4183","09693E"
"4184","08122L"
"4185","09209Q"
"4186","01386Y"
"4187","01217C"
"4188","09072L"
"4189","09641K"
"4190","05165W"
"4191","08934F"
"4192","05599Q"
"4193","09215B"
"4194","01610R"
"4195","01103C"
"4196","08480H"
"4197","02448W"
"4198","09238F"
"4199","01955X"
"4200","02793B"
"4201","01046C"
"4202","03407H"
"4203","02766N"
"4204","09652B"
"4205","08770N"
"4206","02260Y"
"4207","06402Y"
"4208","00000B"
"4209","09496T"
"4210","03390K"
"4211","06874T"
"4212","05953H"
"4213","08434X"
"4214","01846E"
"4215","01916W"
"4216","09031H"
"4217","01692C"
"4218","06352H"
"4219","09353G"
"4220","01589P"
"4221","02714W"
